id,shoe_id,device_id,temperature,humidity,gas_level,duration_usage,fan_usage_duration,uv_usage_duration,created_at
1,1,1,28.3,73.5,159.78,0.49,0.29,0.1,2026-06-05 12:34:14.921349
2,1,1,28.3,73.4,166.15,0.49,0.29,0.1,2026-06-05 12:34:20.194121
3,1,1,28.3,73.4,165.27,0.49,0.29,0.1,2026-06-05 12:34:25.472819
4,1,1,28.2,73.4,160,0.5,0.29,0.1,2026-06-05 12:34:29.1812
5,1,1,28.3,73.5,163.52,0.5,0.29,0.1,2026-06-05 12:34:34.44627
6,1,1,28.2,73.5,159.34,0.5,0.29,0.1,2026-06-05 12:34:39.718437
7,1,1,28.2,73.5,162.2,0.5,0.29,0.1,2026-06-05 12:34:44.997075
8,1,1,28.2,73.4,159.78,0.5,0.29,0.1,2026-06-05 12:34:50.262089
9,1,1,28.1,73.5,163.3,0.5,0.29,0.1,2026-06-05 12:34:55.533711
10,1,1,28.1,73.6,160.22,0.5,0.29,0.1,2026-06-05 12:34:59.269873
11,1,1,28.1,73.7,163.96,0.51,0.29,0.1,2026-06-05 12:35:04.547287
12,1,1,28.1,73.7,167.03,0.51,0.29,0.1,2026-06-05 12:35:09.805323
13,1,1,28.1,73.8,163.52,0.51,0.29,0.1,2026-06-05 12:35:15.084092
14,1,1,28,73.8,160.22,0.51,0.29,0.1,2026-06-05 12:35:20.363136
15,1,1,28,73.9,162.64,0.51,0.29,0.1,2026-06-05 12:35:24.078147
16,1,1,28,74,169.45,0.51,0.29,0.1,2026-06-05 12:35:29.357166
17,1,1,28,74.1,167.47,0.51,0.29,0.1,2026-06-05 12:35:34.639741
18,1,1,28,74.2,168.57,0.52,0.29,0.1,2026-06-05 12:35:39.896957
19,1,1,28,74.3,164.62,0.52,0.29,0.1,2026-06-05 12:35:45.15669
20,1,1,27.9,74.3,163.08,0.52,0.29,0.1,2026-06-05 12:35:50.436105
21,1,1,27.9,74.5,160.44,0.52,0.29,0.1,2026-06-05 12:35:54.161287
22,1,1,27.9,74.5,159.78,0.52,0.29,0.1,2026-06-05 12:35:59.428586
23,1,1,27.8,74.6,156.26,0.52,0.29,0.1,2026-06-05 12:36:04.709874
24,1,1,27.8,74.7,154.95,0.53,0.29,0.1,2026-06-05 12:36:09.994586
25,1,1,27.8,74.7,161.76,0.53,0.29,0.1,2026-06-05 12:36:15.244275
26,1,1,27.8,74.7,163.52,0.53,0.29,0.1,2026-06-05 12:36:20.522334
27,1,1,27.8,74.7,158.46,0.53,0.29,0.1,2026-06-05 12:36:24.23123
28,1,1,27.8,74.7,167.47,0.53,0.29,0.1,2026-06-05 12:36:29.507827
29,1,1,27.8,74.7,159.12,0.53,0.29,0.1,2026-06-05 12:36:34.779499
30,1,1,27.8,74.8,166.81,0.53,0.29,0.1,2026-06-05 12:36:40.056078
31,1,1,27.7,74.8,160,0.54,0.29,0.1,2026-06-05 12:36:45.340486
32,1,1,27.7,74.9,163.52,0.54,0.29,0.1,2026-06-05 12:36:49.903819
33,1,1,27.7,75,161.1,0.54,0.29,0.1,2026-06-05 12:36:54.335188
34,1,1,27.7,74.9,156.48,0.54,0.29,0.1,2026-06-05 12:36:59.600779
35,1,1,27.7,75,159.78,0.54,0.29,0.1,2026-06-05 12:37:04.877807
36,1,1,27.7,75.1,156.04,0.54,0.29,0.1,2026-06-05 12:37:10.148501
37,1,1,27.7,75.1,161.76,0.54,0.29,0.1,2026-06-05 12:37:15.423171
38,1,1,27.7,75.1,160,0.55,0.29,0.1,2026-06-05 12:37:19.157089
39,1,1,27.7,75.2,157.8,0.55,0.29,0.1,2026-06-05 12:37:24.419305
40,1,1,27.6,75.2,156.7,0.55,0.29,0.1,2026-06-05 12:37:29.685965
41,1,1,27.6,75.2,156.26,0.55,0.29,0.1,2026-06-05 12:37:34.961907
42,1,1,27.6,75.3,160.66,0.55,0.29,0.1,2026-06-05 12:37:40.239972
43,1,1,27.6,75.4,160.22,0.55,0.29,0.1,2026-06-05 12:37:45.510083
44,1,1,27.6,75.4,157.36,0.56,0.29,0.1,2026-06-05 12:37:49.224505
45,1,1,27.6,75.4,157.8,0.56,0.29,0.1,2026-06-05 12:37:54.500482
46,1,1,27.6,75.5,147.03,0.56,0.29,0.1,2026-06-05 12:37:59.775079
47,1,1,27.6,75.5,159.34,0.56,0.29,0.1,2026-06-05 12:38:05.040315
48,1,1,27.6,75.5,153.41,0.56,0.29,0.1,2026-06-05 12:38:10.313914
49,1,1,27.5,75.5,159.34,0.56,0.29,0.1,2026-06-05 12:38:15.590076
50,1,1,27.5,75.6,159.78,0.56,0.29,0.1,2026-06-05 12:38:19.304212
51,1,1,27.5,75.7,157.58,0.57,0.29,0.1,2026-06-05 12:38:24.614709
52,1,1,27.5,75.6,154.73,0.57,0.29,0.1,2026-06-05 12:38:29.855662
53,1,1,27.5,75.7,158.46,0.57,0.29,0.1,2026-06-05 12:38:35.129871
54,1,1,27.5,75.7,161.54,0.57,0.29,0.1,2026-06-05 12:38:40.433021
55,1,1,27.5,75.7,156.92,0.57,0.29,0.1,2026-06-05 12:38:44.112948
56,1,1,27.5,75.8,154.07,0.57,0.29,0.1,2026-06-05 12:38:49.394355
57,1,1,27.5,75.8,159.78,0.57,0.29,0.1,2026-06-05 12:38:54.663649
58,1,1,27.5,75.9,162.64,0.58,0.29,0.1,2026-06-05 12:38:59.94257
59,1,1,27.5,75.8,158.46,0.58,0.29,0.1,2026-06-05 12:39:05.206828
60,1,1,27.5,75.8,163.3,0.58,0.29,0.1,2026-06-05 12:39:10.489099
61,1,1,27.5,75.8,159.12,0.58,0.29,0.1,2026-06-05 12:39:14.214029
62,1,1,27.5,75.8,160.66,0.58,0.29,0.1,2026-06-05 12:39:19.473776
63,1,1,27.5,75.8,159.78,0.58,0.29,0.1,2026-06-05 12:39:24.755134
64,1,1,27.5,75.8,160.44,0.58,0.29,0.1,2026-06-05 12:39:30.029532
65,1,1,27.5,75.9,158.24,0.59,0.29,0.1,2026-06-05 12:39:35.31097
66,1,1,27.5,75.8,158.68,0.59,0.29,0.1,2026-06-05 12:39:40.58557
67,1,1,27.5,75.9,159.78,0.59,0.29,0.1,2026-06-05 12:39:44.286493
68,1,1,27.5,76,166.37,0.59,0.29,0.1,2026-06-05 12:39:49.562185
69,1,1,27.5,76,154.73,0.59,0.29,0.1,2026-06-05 12:39:54.840927
70,1,1,27.4,76,152.97,0.59,0.29,0.1,2026-06-05 12:40:00.109056
71,1,1,27.5,75.9,161.1,0.6,0.29,0.1,2026-06-05 12:40:05.382219
72,1,1,27.4,76,167.25,0.6,0.29,0.1,2026-06-05 12:40:09.092926
73,1,1,27.4,76,158.9,0.6,0.29,0.1,2026-06-05 12:40:14.366101
74,1,1,27.4,76,160.22,0.6,0.29,0.1,2026-06-05 12:40:19.643245
75,1,1,27.4,76,156.26,0.6,0.29,0.1,2026-06-05 12:40:24.917636
76,1,1,27.4,76,154.07,0.6,0.29,0.1,2026-06-05 12:40:30.19987
77,1,1,27.5,76.1,159.78,0.6,0.29,0.1,2026-06-05 12:40:35.475893
78,1,1,27.4,76.1,155.38,0.61,0.29,0.1,2026-06-05 12:40:39.186285
79,1,1,27.4,76.1,159.78,0.61,0.29,0.1,2026-06-05 12:40:44.46408
80,1,1,27.5,76.1,161.54,0.61,0.29,0.1,2026-06-05 12:40:49.730773
81,1,1,27.5,76.1,161.98,0.61,0.29,0.1,2026-06-05 12:40:55.009972
82,1,1,27.4,76.1,165.49,0.61,0.29,0.1,2026-06-05 12:41:00.281718
83,1,1,27.4,76.1,163.3,0.61,0.29,0.1,2026-06-05 12:41:05.556828
84,1,1,27.4,76.2,166.81,0.61,0.29,0.1,2026-06-05 12:41:09.268031
85,1,1,27.4,76.1,162.64,0.62,0.29,0.1,2026-06-05 12:41:14.547922
86,1,1,27.4,76.1,163.52,0.62,0.29,0.1,2026-06-05 12:41:19.815899
87,1,1,27.4,76.1,158.9,0.62,0.29,0.1,2026-06-05 12:41:25.09334
88,1,1,27.4,76.1,159.12,0.62,0.29,0.1,2026-06-05 12:41:30.379077
89,1,1,27.4,76.1,158.9,0.62,0.29,0.1,2026-06-05 12:41:34.106005
90,1,1,27.4,76.1,160,0.62,0.29,0.1,2026-06-05 12:41:39.354148
91,1,1,27.4,76.2,159.56,0.63,0.29,0.1,2026-06-05 12:41:44.626118
92,1,1,27.4,76.1,162.86,0.63,0.29,0.1,2026-06-05 12:41:49.895843
93,1,1,27.4,76.1,159.78,0.63,0.29,0.1,2026-06-05 12:41:55.172181
94,1,1,27.4,76.1,152.75,0.63,0.29,0.1,2026-06-05 12:42:00.442771
95,1,1,27.4,76,161.54,0.63,0.29,0.1,2026-06-05 12:42:04.170943
96,1,1,27.3,76.1,167.25,0.63,0.29,0.1,2026-06-05 12:42:09.444707
97,1,1,27.4,76.1,160,0.63,0.29,0.1,2026-06-05 12:42:14.728491
98,1,1,27.4,76.1,155.16,0.64,0.29,0.1,2026-06-05 12:42:19.987801
99,1,1,27.4,76.1,159.78,0.64,0.29,0.1,2026-06-05 12:42:25.258045
100,1,1,27.4,76.1,159.78,0.64,0.29,0.1,2026-06-05 12:42:30.533964
101,1,1,27.4,76.2,157.14,0.64,0.29,0.1,2026-06-05 12:42:34.250696
102,1,1,27.4,76.2,159.34,0.64,0.29,0.1,2026-06-05 12:42:39.517937
103,1,1,27.4,76.2,160.22,0.64,0.29,0.1,2026-06-05 12:42:44.797737
104,1,1,27.4,76.3,163.3,0.64,0.29,0.1,2026-06-05 12:42:50.073488
105,1,1,27.3,76.3,158.24,0.65,0.29,0.1,2026-06-05 12:42:55.351901
106,1,1,27.3,76.2,167.25,0.65,0.29,0.1,2026-06-05 12:42:59.066332
107,1,1,27.3,76.2,159.78,0.65,0.29,0.1,2026-06-05 12:43:04.345218
108,1,1,27.3,76.2,166.81,0.65,0.29,0.1,2026-06-05 12:43:09.610628
109,1,1,27.4,76.2,160.88,0.65,0.29,0.1,2026-06-05 12:43:14.878126
110,1,1,27.3,76.3,162.42,0.65,0.29,0.1,2026-06-05 12:43:20.150466
111,1,1,27.3,76.3,160.44,0.65,0.29,0.1,2026-06-05 12:43:25.422068
112,1,1,27.3,76.4,159.78,0.66,0.29,0.1,2026-06-05 12:43:29.13401
113,1,1,27.5,77.2,158.68,0.58,0.29,0.1,2026-06-05 12:44:22.408831
114,1,1,27.5,76.9,167.25,0.58,0.29,0.1,2026-06-05 12:44:26.134232
115,1,1,27.5,76.7,162.86,0.58,0.29,0.1,2026-06-05 12:44:31.397579
116,1,1,27.5,76.6,161.1,0.58,0.29,0.1,2026-06-05 12:44:36.653496
117,1,1,27.5,76.5,166.37,0.59,0.29,0.1,2026-06-05 12:44:41.924293
118,1,1,27.6,76.5,162.64,0.59,0.29,0.1,2026-06-05 12:44:47.19316
119,1,1,27.6,76.4,163.96,0.59,0.29,0.1,2026-06-05 12:44:52.473278
120,1,1,27.6,76.5,163.52,0.59,0.29,0.1,2026-06-05 12:44:56.211352
121,1,1,27.6,76.5,164.4,0.59,0.29,0.1,2026-06-05 12:45:01.511207
122,1,1,27.6,76.4,161.1,0.59,0.29,0.1,2026-06-05 12:45:06.748511
123,1,1,27.6,76.4,163.52,0.59,0.29,0.1,2026-06-05 12:45:12.018755
124,1,1,27.6,76.2,162.86,0.6,0.29,0.1,2026-06-05 12:45:17.292695
125,1,1,27.6,76.2,160.44,0.6,0.29,0.1,2026-06-05 12:45:21.868229
126,1,1,27.7,76.2,152.53,0.6,0.29,0.1,2026-06-05 12:45:26.295627
127,1,1,27.6,76.2,163.74,0.6,0.3,0.1,2026-06-05 12:45:31.567486
128,1,1,27.7,76.1,164.18,0.6,0.3,0.1,2026-06-05 12:45:36.870597
129,1,1,27.7,75.9,163.08,0.6,0.3,0.11,2026-06-05 12:45:42.104644
130,1,1,27.7,76,159.78,0.6,0.3,0.11,2026-06-05 12:45:47.372165
131,1,1,27.7,76.4,157.14,0.61,0.3,0.11,2026-06-05 12:45:51.107827
132,1,1,27.8,76.1,162.2,0.61,0.3,0.11,2026-06-05 12:45:56.377366
133,1,1,27.8,76.1,163.96,0.61,0.3,0.11,2026-06-05 12:46:01.651859
134,1,1,27.8,76,172.53,0.61,0.31,0.11,2026-06-05 12:46:06.916113
135,1,1,27.8,76,165.27,0.61,0.31,0.11,2026-06-05 12:46:12.190379
136,1,1,27.9,76,159.56,0.61,0.31,0.11,2026-06-05 12:46:17.45915
137,1,1,27.9,76,166.81,0.62,0.31,0.12,2026-06-05 12:46:21.189804
138,1,1,27.9,76,167.91,0.62,0.31,0.12,2026-06-05 12:46:26.467969
139,1,1,27.9,76,163.08,0.62,0.31,0.12,2026-06-05 12:46:31.7351
140,1,1,27.9,75.7,165.71,0.62,0.31,0.12,2026-06-05 12:46:37.010844
141,1,1,28,75.5,164.84,0.62,0.32,0.12,2026-06-05 12:46:42.278865
142,1,1,28,75.5,156.7,0.62,0.32,0.12,2026-06-05 12:46:47.554732
143,1,1,28,77.6,152.75,0.58,0.29,0.1,2026-06-05 12:48:12.179356
144,1,1,27.9,76.9,157.36,0.58,0.29,0.1,2026-06-05 12:48:15.889893
145,1,1,27.9,76.3,159.34,0.58,0.29,0.1,2026-06-05 12:48:21.160796
146,1,1,27.9,76.9,170.77,0.58,0.29,0.1,2026-06-05 12:48:26.439328
147,1,1,27.9,77.2,163.74,0.59,0.29,0.1,2026-06-05 12:48:31.717073
148,1,1,27.9,77.5,152.75,0.59,0.29,0.1,2026-06-05 12:48:36.99753
149,1,1,27.9,77.2,159.78,0.59,0.29,0.1,2026-06-05 12:48:40.707104
150,1,1,27.8,77.2,150.55,0.59,0.29,0.11,2026-06-05 12:48:45.978884
151,1,1,27.8,77.2,159.78,0.59,0.29,0.11,2026-06-05 12:48:51.255789
152,1,1,27.8,77.2,158.68,0.59,0.29,0.11,2026-06-05 12:48:56.519018
153,1,1,27.8,77.4,156.26,0.59,0.29,0.11,2026-06-05 12:49:01.79331
154,1,1,27.8,77.6,163.52,0.6,0.29,0.11,2026-06-05 12:49:07.056361
155,1,1,27.8,77.6,155.82,0.6,0.29,0.11,2026-06-05 12:49:10.788426
156,1,1,27.8,77.3,159.78,0.6,0.29,0.11,2026-06-05 12:49:16.064053
157,1,1,27.8,77.2,156.26,0.6,0.29,0.12,2026-06-05 12:49:21.327005
158,1,1,27.7,77.3,159.78,0.6,0.29,0.12,2026-06-05 12:49:26.600171
159,1,1,27.7,77.5,156.26,0.6,0.29,0.12,2026-06-05 12:49:31.877422
160,1,1,27.7,77.8,151.65,0.6,0.29,0.12,2026-06-05 12:49:37.145542
161,1,1,27.7,77.9,158.46,0.61,0.29,0.12,2026-06-05 12:49:40.868047
162,1,1,27.7,77.8,159.78,0.61,0.29,0.12,2026-06-05 12:49:46.140502
163,1,1,27.7,77.8,154.95,0.61,0.29,0.12,2026-06-05 12:49:51.416353
164,1,1,27.7,77.9,159.78,0.61,0.29,0.13,2026-06-05 12:49:56.686317
165,1,1,27.7,77.4,155.38,0.61,0.29,0.13,2026-06-05 12:50:01.963104
166,1,1,27.7,77.6,153.41,0.61,0.29,0.13,2026-06-05 12:50:06.524448
167,1,1,27.6,78.6,156.92,0.62,0.29,0.13,2026-06-05 12:50:10.949994
168,1,1,27.6,79.2,156.92,0.62,0.29,0.13,2026-06-05 12:50:16.225593
169,1,1,27.6,79.4,156.7,0.62,0.29,0.13,2026-06-05 12:50:21.496912
170,1,1,27.6,79.1,154.95,0.62,0.29,0.13,2026-06-05 12:50:26.770057
171,1,1,27.6,78.8,156.26,0.62,0.29,0.14,2026-06-05 12:50:32.040138
172,1,1,27.5,78.3,152.75,0.62,0.29,0.14,2026-06-05 12:50:35.774179
173,1,1,27.6,78.4,155.16,0.62,0.29,0.14,2026-06-05 12:50:41.037657
174,1,1,27.6,78.1,154.29,0.63,0.29,0.14,2026-06-05 12:50:46.309542
175,1,1,27.6,78.1,153.85,0.63,0.29,0.14,2026-06-05 12:50:51.588268
176,1,1,27.6,78.3,150.55,0.63,0.29,0.14,2026-06-05 12:50:56.858574
177,1,1,27.6,78.5,156.48,0.63,0.29,0.14,2026-06-05 12:51:02.120849
178,1,1,27.6,78.3,156.92,0.63,0.29,0.14,2026-06-05 12:51:05.84866
179,1,1,27.5,78.2,155.82,0.63,0.29,0.15,2026-06-05 12:51:11.129195
180,1,1,27.5,78.1,156.7,0.63,0.29,0.15,2026-06-05 12:51:16.411769
181,1,1,27.5,78.2,154.95,0.64,0.29,0.15,2026-06-05 12:51:21.672549
182,1,1,27.5,78.7,157.14,0.64,0.29,0.15,2026-06-05 12:51:26.94123
183,1,1,27.5,78.7,152.09,0.64,0.29,0.15,2026-06-05 12:51:32.221008
184,1,1,27.5,78.9,161.1,0.64,0.29,0.15,2026-06-05 12:51:35.944029
185,1,1,27.5,78.9,156.48,0.64,0.29,0.15,2026-06-05 12:51:41.208169
186,1,1,27.5,79.1,152.75,0.64,0.29,0.16,2026-06-05 12:51:46.483132
187,1,1,27.5,79.4,156.26,0.65,0.29,0.16,2026-06-05 12:51:51.746038
188,1,1,27.5,79.3,160,0.65,0.29,0.16,2026-06-05 12:51:57.020312
189,1,1,27.5,79.6,151.21,0.65,0.29,0.16,2026-06-05 12:52:00.742611
190,1,1,27.5,80,156.48,0.65,0.29,0.16,2026-06-05 12:52:06.020839
191,1,1,27.5,80.4,154.73,0.65,0.29,0.16,2026-06-05 12:52:11.287615
192,1,1,27.5,80.4,151.65,0.65,0.29,0.16,2026-06-05 12:52:16.559932
193,1,1,27.4,79.6,155.16,0.65,0.29,0.17,2026-06-05 12:52:21.83222
194,1,1,27.4,79.4,154.51,0.66,0.29,0.17,2026-06-05 12:52:27.104611
195,1,1,27.4,79.4,156.26,0.66,0.29,0.17,2026-06-05 12:52:30.840104
196,1,1,27.4,79.5,152.75,0.66,0.29,0.17,2026-06-05 12:52:36.099278
197,1,1,27.4,79.3,154.51,0.66,0.29,0.17,2026-06-05 12:52:41.374749
198,1,1,27.4,79.1,159.78,0.66,0.29,0.17,2026-06-05 12:52:46.643828
199,1,1,27.4,79.1,153.41,0.66,0.29,0.17,2026-06-05 12:52:51.910899
200,1,1,27.4,79.4,148.79,0.66,0.29,0.18,2026-06-05 12:52:57.197881
201,1,1,27.4,79.3,157.8,0.67,0.29,0.18,2026-06-05 12:53:00.922402
202,1,1,27.4,79.4,156.7,0.67,0.29,0.18,2026-06-05 12:53:06.221588
203,1,1,27.4,79.9,154.29,0.67,0.29,0.18,2026-06-05 12:53:11.468643
204,1,1,27.4,80.6,152.75,0.67,0.29,0.18,2026-06-05 12:53:16.745178
205,1,1,27.4,80.5,153.19,0.67,0.29,0.18,2026-06-05 12:53:22.007863
206,1,1,27.4,80.9,159.56,0.67,0.29,0.18,2026-06-05 12:53:25.719368
207,1,1,27.4,81.2,156.26,0.67,0.29,0.19,2026-06-05 12:53:30.9917
208,1,1,27.4,81.1,152.53,0.68,0.29,0.19,2026-06-05 12:53:36.258095
209,1,1,27.4,81,156.92,0.68,0.29,0.19,2026-06-05 12:53:41.529699
210,1,1,27.4,80.9,157.8,0.68,0.29,0.19,2026-06-05 12:53:46.805215
211,1,1,27.4,80.7,154.07,0.68,0.29,0.19,2026-06-05 12:53:52.111025
212,1,1,27.4,81,148.35,0.68,0.29,0.19,2026-06-05 12:53:55.833436
213,1,1,27.3,81.3,153.19,0.68,0.29,0.19,2026-06-05 12:54:01.077899
214,1,1,27.3,81.8,151.65,0.69,0.29,0.2,2026-06-05 12:54:06.34974
215,1,1,27.4,82,156.7,0.69,0.29,0.2,2026-06-05 12:54:11.617459
216,1,1,27.3,82.1,158.68,0.69,0.29,0.2,2026-06-05 12:54:16.889827
217,1,1,27.4,82,154.07,0.69,0.29,0.2,2026-06-05 12:54:22.158672
218,1,1,27.3,80.9,160.44,0.69,0.29,0.2,2026-06-05 12:54:25.894004
219,1,1,27.4,79.8,154.73,0.69,0.29,0.2,2026-06-05 12:54:31.145549
220,1,1,27.3,80.4,163.52,0.69,0.29,0.2,2026-06-05 12:54:36.41622
221,1,1,27.3,80.6,159.34,0.7,0.29,0.21,2026-06-05 12:54:41.69972
222,1,1,27.3,80.7,153.19,0.7,0.29,0.21,2026-06-05 12:54:46.982691
223,1,1,27.3,81.9,160.44,0.7,0.29,0.21,2026-06-05 12:54:50.695408
224,1,1,27.3,82.6,154.51,0.7,0.29,0.21,2026-06-05 12:54:55.96777
225,1,1,27.3,81.9,161.32,0.7,0.29,0.21,2026-06-05 12:55:01.235443
226,1,1,27.3,80.9,156.26,0.7,0.29,0.21,2026-06-05 12:55:06.514005
227,1,1,27.3,80.7,163.3,0.7,0.29,0.21,2026-06-05 12:55:11.781292
228,1,1,27.3,81.1,163.08,0.71,0.29,0.22,2026-06-05 12:55:17.058569
229,1,1,27.3,82,160.22,0.71,0.29,0.22,2026-06-05 12:55:20.787205
230,1,1,27.3,82,166.37,0.71,0.29,0.22,2026-06-05 12:55:26.05362
231,1,1,27.3,81.9,160.22,0.71,0.29,0.22,2026-06-05 12:55:31.324017
232,1,1,27.3,82.2,162.86,0.71,0.29,0.22,2026-06-05 12:55:36.621697
233,1,1,27.3,81.7,161.98,0.71,0.29,0.22,2026-06-05 12:55:41.895784
234,1,1,27.3,81.7,156.7,0.72,0.29,0.22,2026-06-05 12:55:47.182091
235,1,1,27.3,80.5,156.7,0.72,0.29,0.23,2026-06-05 12:55:50.863603
236,1,1,27.3,81.6,165.05,0.72,0.29,0.23,2026-06-05 12:55:56.13693
237,1,1,27.3,82.5,158.68,0.72,0.29,0.23,2026-06-05 12:56:01.399644
238,1,1,27.3,83.4,165.27,0.72,0.29,0.23,2026-06-05 12:56:06.667798
239,1,1,27.3,84.1,160.88,0.72,0.29,0.23,2026-06-05 12:56:11.957775
240,1,1,27.3,84.2,166.37,0.72,0.29,0.23,2026-06-05 12:56:16.525931
241,1,1,27.3,84.4,158.46,0.73,0.29,0.23,2026-06-05 12:56:20.944152
242,1,1,27.3,85.1,164.18,0.73,0.29,0.24,2026-06-05 12:56:26.208231
243,1,1,27.3,85.4,160.22,0.73,0.29,0.24,2026-06-05 12:56:31.483671
244,1,1,27.3,86,159.56,0.73,0.29,0.24,2026-06-05 12:56:36.795113
245,1,1,27.3,86.3,163.3,0.73,0.29,0.24,2026-06-05 12:56:42.033599
246,1,1,27.3,86.5,166.59,0.73,0.29,0.24,2026-06-05 12:56:45.760041
247,1,1,27.3,86.8,163.74,0.73,0.29,0.24,2026-06-05 12:56:51.032292
248,1,1,27.3,87,161.1,0.74,0.29,0.24,2026-06-05 12:56:56.298026
249,1,1,27.3,86.4,162.86,0.74,0.29,0.25,2026-06-05 12:57:01.568128
250,1,1,27.3,86.3,159.78,0.74,0.29,0.25,2026-06-05 12:57:06.851295
251,1,1,27.3,85.6,162.2,0.74,0.29,0.25,2026-06-05 12:57:12.113988
252,1,1,27.3,85.5,169.67,0.74,0.29,0.25,2026-06-05 12:57:15.851226
253,1,1,27.4,86.3,162.64,0.74,0.29,0.25,2026-06-05 12:57:21.122455
254,1,1,27.3,86.5,164.62,0.74,0.29,0.25,2026-06-05 12:57:26.391073
255,1,1,27.3,86.2,163.74,0.75,0.29,0.25,2026-06-05 12:57:31.658849
256,1,1,27.3,86.4,156.7,0.75,0.29,0.26,2026-06-05 12:57:36.931016
257,1,1,27.4,87.2,161.98,0.75,0.29,0.26,2026-06-05 12:57:42.202975
258,1,1,27.3,87.4,164.62,0.75,0.29,0.26,2026-06-05 12:57:45.923797
259,1,1,27.3,87.5,163.96,0.75,0.29,0.26,2026-06-05 12:57:51.204067
260,1,1,27.4,87.7,158.46,0.75,0.29,0.26,2026-06-05 12:57:56.478767
261,1,1,27.3,87.8,163.52,0.76,0.29,0.26,2026-06-05 12:58:01.739039
262,1,1,27.4,87.9,162.2,0.76,0.29,0.26,2026-06-05 12:58:07.015492
263,1,1,27.3,85.8,163.3,0.76,0.29,0.26,2026-06-05 12:58:10.843513
264,1,1,27.4,82.8,152.75,0.76,0.29,0.27,2026-06-05 12:58:16.05715
265,1,1,27.4,80.3,159.78,0.76,0.29,0.27,2026-06-05 12:58:21.3084
266,1,1,27.9,77.2,162.42,0.76,0.29,0.27,2026-06-05 12:58:26.589491
267,1,1,29,74,160,0.76,0.29,0.27,2026-06-05 12:58:31.857553
268,1,1,30.3,70.5,165.05,0.77,0.3,0.27,2026-06-05 12:58:37.126023
269,1,1,31.2,67.9,161.1,0.77,0.3,0.27,2026-06-05 12:58:40.819511
270,1,1,32.6,63.9,162.2,0.77,0.3,0.27,2026-06-05 12:58:46.094981
271,1,1,33.6,65.6,165.93,0.77,0.3,0.28,2026-06-05 12:58:51.36917
272,1,1,34.2,65,169.23,0.77,0.3,0.28,2026-06-05 12:58:56.64093
273,1,1,34.9,63.3,164.4,0.77,0.3,0.28,2026-06-05 12:59:01.911064
274,1,1,35.5,62.3,161.98,0.77,0.3,0.28,2026-06-05 12:59:07.185493
275,1,1,35.9,61.1,160.88,0.78,0.3,0.28,2026-06-05 12:59:10.906838
276,1,1,36.4,59.9,165.93,0.78,0.31,0.28,2026-06-05 12:59:16.182045
277,1,1,36.9,58.1,160.66,0.78,0.31,0.28,2026-06-05 12:59:21.450172
278,1,1,37.4,56.7,159.78,0.78,0.31,0.28,2026-06-05 12:59:26.723903
279,1,1,37.8,55.6,163.74,0.78,0.31,0.29,2026-06-05 12:59:31.994885
280,1,1,38.3,54.6,163.08,0.78,0.31,0.29,2026-06-05 12:59:35.673632
281,1,1,38.6,53.7,166.81,0.79,0.31,0.29,2026-06-05 12:59:40.94024
282,1,1,39,52.3,162.86,0.79,0.31,0.29,2026-06-05 12:59:46.21658
283,1,1,39.4,51.1,163.3,0.79,0.32,0.29,2026-06-05 12:59:51.493947
284,1,1,39.7,50.4,162.2,0.79,0.32,0.29,2026-06-05 12:59:56.775342
285,1,1,40.1,49.6,163.08,0.79,0.32,0.29,2026-06-05 13:00:02.055831
286,1,1,40.5,48.2,166.81,0.79,0.32,0.3,2026-06-05 13:00:05.799124
287,1,1,40.7,47.9,159.12,0.79,0.32,0.3,2026-06-05 13:00:11.072885
288,1,1,41,47,156.7,0.8,0.32,0.3,2026-06-05 13:00:16.345598
289,1,1,41.3,46.4,163.74,0.8,0.32,0.3,2026-06-05 13:00:21.624174
290,1,1,41.6,45.9,160.44,0.8,0.33,0.3,2026-06-05 13:00:26.90126
291,1,1,41.9,45.1,162.42,0.8,0.33,0.3,2026-06-05 13:00:32.170914
292,1,1,42.1,44.5,159.78,0.8,0.33,0.3,2026-06-05 13:00:35.879121
293,1,1,42.4,44,156.92,0.8,0.33,0.3,2026-06-05 13:00:41.146999
294,1,1,42.6,43.5,163.08,0.8,0.33,0.31,2026-06-05 13:00:46.434391
295,1,1,42.8,43.1,163.08,0.81,0.33,0.31,2026-06-05 13:00:51.727275
296,1,1,43.1,42.8,159.78,0.81,0.33,0.31,2026-06-05 13:00:57.005157
297,1,1,43.3,42.3,163.3,0.81,0.33,0.31,2026-06-05 13:01:00.695936
298,1,1,43.5,42,163.96,0.81,0.34,0.31,2026-06-05 13:01:05.961756
299,1,1,43.7,41.6,163.96,0.81,0.34,0.31,2026-06-05 13:01:11.239252
300,1,1,43.9,41.2,157.8,0.81,0.34,0.31,2026-06-05 13:01:16.506506
301,1,1,44,41,164.4,0.81,0.34,0.32,2026-06-05 13:01:21.776166
302,1,1,44.2,40.7,158.46,0.82,0.34,0.32,2026-06-05 13:01:27.05966
303,1,1,44.3,40.3,161.98,0.82,0.34,0.32,2026-06-05 13:01:30.789381
304,1,1,44.5,40.3,140,0.82,0.34,0.32,2026-06-05 13:01:36.062993
305,1,1,44.6,39.5,163.3,0.82,0.35,0.32,2026-06-05 13:01:41.327918
306,1,1,44.7,39.6,165.27,0.82,0.35,0.32,2026-06-05 13:01:46.599923
307,1,1,44.8,39.1,161.1,0.82,0.35,0.32,2026-06-05 13:01:51.862131
308,1,1,45,38.8,158.46,0.83,0.35,0.32,2026-06-05 13:01:57.145781
309,1,1,45.1,38.8,161.32,0.83,0.35,0.33,2026-06-05 13:02:00.871632
310,1,1,45.2,38.6,156.26,0.83,0.35,0.33,2026-06-05 13:02:06.136865
311,1,1,45.3,38.3,165.27,0.83,0.35,0.33,2026-06-05 13:02:11.413432
312,1,1,45.4,38.2,169.89,0.83,0.35,0.33,2026-06-05 13:02:16.678777
313,1,1,45.5,38,162.2,0.83,0.36,0.33,2026-06-05 13:02:21.95056
314,1,1,45.6,37.8,160.22,0.83,0.36,0.33,2026-06-05 13:02:25.698081
315,1,1,45.8,37.8,163.52,0.84,0.36,0.33,2026-06-05 13:02:30.955572
316,1,1,45.9,37.5,154.07,0.84,0.36,0.34,2026-06-05 13:02:36.218885
317,1,1,45.9,37.2,162.2,0.84,0.36,0.34,2026-06-05 13:02:41.49203
318,1,1,46.1,37.2,159.78,0.84,0.36,0.34,2026-06-05 13:02:46.767797
319,1,1,46.2,36.9,160.44,0.84,0.36,0.34,2026-06-05 13:02:52.043963
320,1,1,46.3,36.8,166.81,0.84,0.37,0.34,2026-06-05 13:02:55.754878
321,1,1,46.4,36.6,162.2,0.84,0.37,0.34,2026-06-05 13:03:01.029207
322,1,1,46.5,36.4,154.07,0.85,0.37,0.34,2026-06-05 13:03:06.301032
323,1,1,46.6,36.3,161.98,0.85,0.37,0.34,2026-06-05 13:03:11.570918
324,1,1,46.7,36.3,164.18,0.85,0.37,0.35,2026-06-05 13:03:16.845693
325,1,1,46.8,36.2,163.08,0.85,0.37,0.35,2026-06-05 13:03:22.114235
326,1,1,47,35.8,168.57,0.85,0.37,0.35,2026-06-05 13:03:25.839661
327,1,1,47.1,35.8,162.86,0.85,0.37,0.35,2026-06-05 13:03:31.115529
328,1,1,47.1,35.5,164.4,0.86,0.38,0.35,2026-06-05 13:03:36.384248
329,1,1,40.1,43.2,169.89,0.85,0.37,0.34,2026-06-05 13:05:32.858049
330,1,1,39.7,43.9,162.42,0.85,0.37,0.34,2026-06-05 13:05:38.124105
331,1,1,39.3,44.6,167.25,0.85,0.37,0.34,2026-06-05 13:05:43.394285
332,1,1,39,45.1,170.99,0.85,0.37,0.34,2026-06-05 13:05:47.089312
333,1,1,38.5,45.8,167.69,0.85,0.37,0.34,2026-06-05 13:05:52.355292
334,1,1,38.3,46.3,164.84,0.85,0.37,0.34,2026-06-05 13:05:57.632811
335,1,1,37.9,47,165.71,0.86,0.38,0.34,2026-06-05 13:06:02.925766
336,1,1,37.5,47.6,161.54,0.86,0.38,0.34,2026-06-05 13:06:08.209223
337,1,1,37.3,48,166.15,0.86,0.38,0.34,2026-06-05 13:06:13.497479
338,1,1,37,48.7,162.86,0.86,0.38,0.34,2026-06-05 13:06:17.17484
339,1,1,36.8,49,241.76,0.86,0.38,0.34,2026-06-05 13:06:22.44878
340,1,1,36.4,50,447.69,0.86,0.38,0.34,2026-06-05 13:06:27.715089
341,1,1,36,50.8,313.19,0.86,0.38,0.34,2026-06-05 13:06:32.990224
342,1,1,35.8,51.2,278.9,0.87,0.38,0.34,2026-06-05 13:06:38.282128
343,1,1,35.6,51.9,258.9,0.87,0.39,0.34,2026-06-05 13:06:41.994136
344,1,1,35.4,51.9,240.22,0.87,0.39,0.34,2026-06-05 13:06:47.254655
345,1,1,35.2,52.3,241.76,0.87,0.39,0.34,2026-06-05 13:06:52.52373
346,1,1,35,52.9,218.24,0.87,0.39,0.34,2026-06-05 13:06:57.800604
347,1,1,34.9,53.1,216.48,0.87,0.39,0.34,2026-06-05 13:07:03.080349
348,1,1,34.7,53.5,208.57,0.88,0.39,0.34,2026-06-05 13:07:08.373238
349,1,1,34.6,53.7,207.47,0.88,0.39,0.34,2026-06-05 13:07:12.070339
350,1,1,34.5,54.1,205.05,0.88,0.4,0.34,2026-06-05 13:07:17.343571
351,1,1,34.3,54.6,196.48,0.88,0.4,0.34,2026-06-05 13:07:22.618693
352,1,1,34.2,55,197.58,0.88,0.4,0.34,2026-06-05 13:07:27.888074
353,1,1,34,55.5,198.24,0.88,0.4,0.34,2026-06-05 13:07:33.173888
354,1,1,33.9,55.7,190.11,0.88,0.4,0.34,2026-06-05 13:07:38.436971
355,1,1,33.7,56,188.79,0.89,0.4,0.34,2026-06-05 13:07:42.162016
356,1,1,33.6,56.4,192.53,0.89,0.4,0.34,2026-06-05 13:07:47.427268
357,1,1,33.5,56.8,188.57,0.89,0.4,0.34,2026-06-05 13:07:52.703751
358,1,1,33.3,57,184.18,0.89,0.41,0.34,2026-06-05 13:07:57.976464
359,1,1,33.2,57.3,179.12,0.89,0.41,0.34,2026-06-05 13:08:03.250326
360,1,1,33.1,57.8,173.85,0.89,0.41,0.34,2026-06-05 13:08:07.819508
361,1,1,32.9,58.1,181.32,0.89,0.41,0.34,2026-06-05 13:08:12.255477
362,1,1,32.8,58.4,187.47,0.9,0.41,0.34,2026-06-05 13:08:17.555505
363,1,1,32.7,58.2,180.88,0.9,0.41,0.34,2026-06-05 13:08:22.988246
364,1,1,32.7,58.4,191.87,0.9,0.41,0.34,2026-06-05 13:08:28.20195
365,1,1,32.6,58.8,186.15,0.9,0.42,0.34,2026-06-05 13:08:33.346551
366,1,1,32.5,59,187.91,0.9,0.42,0.34,2026-06-05 13:08:37.154399
367,1,1,32.5,59.1,186.37,0.9,0.42,0.34,2026-06-05 13:08:42.335823
368,1,1,32.4,59.4,185.05,0.9,0.42,0.34,2026-06-05 13:08:48.812425
369,1,1,32.3,59.5,189.45,0.91,0.42,0.34,2026-06-05 13:08:53.08243
370,1,1,32.3,59.7,190.55,0.91,0.42,0.34,2026-06-05 13:08:59.13535
371,1,1,32.2,59.8,186.37,0.91,0.42,0.34,2026-06-05 13:09:03.412336
372,1,1,32.2,60,184.84,0.91,0.42,0.34,2026-06-05 13:09:07.145448
373,1,1,32.1,60.4,185.27,0.91,0.43,0.34,2026-06-05 13:09:12.412982
374,1,1,32.1,60.8,184.62,0.91,0.43,0.34,2026-06-05 13:09:17.685001
375,1,1,32,61.1,183.96,0.92,0.43,0.34,2026-06-05 13:09:22.959
376,1,1,32,61.2,188.35,0.92,0.43,0.34,2026-06-05 13:09:28.227417
377,1,1,31.9,61.2,178.46,0.92,0.43,0.34,2026-06-05 13:09:33.50606
378,1,1,31.9,61.4,176.04,0.92,0.43,0.34,2026-06-05 13:09:37.225454
379,1,1,31.8,61.4,185.93,0.92,0.43,0.34,2026-06-05 13:09:42.496476
380,1,1,31.8,61.5,179.56,0.92,0.44,0.34,2026-06-05 13:09:47.77237
381,1,1,31.8,61.5,187.69,0.92,0.44,0.34,2026-06-05 13:09:53.041932
382,1,1,31.8,61.5,182.2,0.93,0.44,0.34,2026-06-05 13:09:58.317382
383,1,1,31.7,61.7,182.2,0.93,0.44,0.34,2026-06-05 13:10:02.028076
384,1,1,31.6,61.8,179.56,0.93,0.44,0.34,2026-06-05 13:10:07.299096
385,1,1,31.6,62,180.22,0.93,0.44,0.34,2026-06-05 13:10:12.570064
386,1,1,31.5,62.1,180.88,0.93,0.44,0.34,2026-06-05 13:10:17.847188
387,1,1,31.5,62.2,181.98,0.93,0.45,0.34,2026-06-05 13:10:23.106842
388,1,1,31.5,62.3,180.88,0.93,0.45,0.34,2026-06-05 13:10:28.383559
389,1,1,30.3,66.7,168.13,0.94,0.45,0.34,2026-06-05 13:11:18.724894
390,1,1,30.1,67,173.63,0.94,0.45,0.34,2026-06-05 13:11:23.999152
391,1,1,30,66.7,168.79,0.94,0.45,0.34,2026-06-05 13:11:27.667505
392,1,1,29.8,67,175.16,0.94,0.45,0.34,2026-06-05 13:11:32.939304
393,1,1,29.7,67.3,170.11,0.94,0.45,0.34,2026-06-05 13:11:38.210316
394,1,1,29.6,67.5,177.8,0.94,0.45,0.34,2026-06-05 13:11:43.485061
395,1,1,29.5,67.9,172.97,0.94,0.45,0.34,2026-06-05 13:11:48.758137
396,1,1,29.4,68.1,176.26,0.95,0.46,0.34,2026-06-05 13:11:54.048138
397,1,1,29.3,68.5,170.55,0.95,0.46,0.34,2026-06-05 13:11:57.800154
398,1,1,29.2,68.7,167.91,0.95,0.46,0.34,2026-06-05 13:12:03.062669
399,1,1,29.2,68.8,170.77,0.95,0.46,0.34,2026-06-05 13:12:08.343126
400,1,1,29.1,69.1,176.04,0.95,0.46,0.34,2026-06-05 13:12:13.616139
401,1,1,29.1,69.8,171.65,0.95,0.46,0.34,2026-06-05 13:12:18.90035
402,1,1,29,69.9,175.82,0.95,0.46,0.34,2026-06-05 13:12:24.166776
403,1,1,29,70,173.19,0.96,0.46,0.34,2026-06-05 13:12:27.890056
404,1,1,29,70.1,176.04,0.96,0.47,0.34,2026-06-05 13:12:33.156745
405,1,1,29,70,172.31,0.96,0.47,0.34,2026-06-05 13:12:38.422394
406,1,1,28.9,70.2,174.29,0.96,0.47,0.34,2026-06-05 13:12:43.722061
407,1,1,28.9,70.1,172.53,0.96,0.47,0.34,2026-06-05 13:12:48.971955
408,1,1,28.9,70.1,178.68,0.96,0.47,0.34,2026-06-05 13:12:52.695592
409,1,1,28.9,70.1,173.85,0.97,0.47,0.34,2026-06-05 13:12:57.972786
410,1,1,28.9,70.2,169.45,0.97,0.47,0.34,2026-06-05 13:13:03.233284
411,1,1,28.9,70.2,173.85,0.97,0.48,0.34,2026-06-05 13:13:08.504665
412,1,1,28.9,70.3,176.92,0.97,0.48,0.34,2026-06-05 13:13:13.775549
413,1,1,28.9,70.2,173.41,0.97,0.48,0.34,2026-06-05 13:13:19.048953
414,1,1,28.9,70.2,166.37,0.97,0.48,0.34,2026-06-05 13:13:22.776638
415,1,1,28.9,70.1,174.51,0.97,0.48,0.34,2026-06-05 13:13:28.043171
416,1,1,28.9,70,167.69,0.98,0.48,0.34,2026-06-05 13:13:33.314897
417,1,1,28.9,70.1,171.21,0.98,0.48,0.34,2026-06-05 13:13:38.586662
418,1,1,28.9,70.2,165.93,0.98,0.48,0.34,2026-06-05 13:13:43.856509
419,1,1,28.9,69.9,169.23,0.98,0.49,0.34,2026-06-05 13:13:49.142126
420,1,1,28.9,69.8,172.09,0.98,0.49,0.34,2026-06-05 13:13:52.843786
421,1,1,28.9,69.7,382.86,0.98,0.49,0.34,2026-06-05 13:13:58.110743
422,1,1,28.8,69.7,503.96,0.98,0.49,0.34,2026-06-05 13:14:03.386665
423,1,1,28.8,70,389.89,0.99,0.49,0.34,2026-06-05 13:14:08.659523
424,1,1,28.8,69.8,335.6,0.99,0.49,0.34,2026-06-05 13:14:13.93282
425,1,1,28.9,69.8,301.54,0.99,0.49,0.34,2026-06-05 13:14:17.679439
426,1,1,28.8,69.7,269.89,0.99,0.5,0.34,2026-06-05 13:14:22.946545
427,1,1,28.8,69.7,251.87,0.99,0.5,0.34,2026-06-05 13:14:28.221655
428,1,1,28.8,69.6,233.63,0.99,0.5,0.34,2026-06-05 13:14:33.502727
429,1,1,28.9,69.6,227.69,0.99,0.5,0.34,2026-06-05 13:14:38.762617
430,1,1,28.9,69.6,223.08,1,0.5,0.34,2026-06-05 13:14:44.033954
431,1,1,28.9,69.6,212.31,1,0.5,0.34,2026-06-05 13:14:47.753925
432,1,1,29,69.5,206.81,1,0.5,0.34,2026-06-05 13:14:53.031144
433,1,1,28.9,69.6,202.64,1,0.51,0.34,2026-06-05 13:14:58.305035
434,1,1,29,69.4,200,1,0.51,0.34,2026-06-05 13:15:03.583337
435,1,1,29,69.2,199.78,1,0.51,0.34,2026-06-05 13:15:08.849996
436,1,1,29,69.2,192.09,1,0.51,0.34,2026-06-05 13:15:14.134195
437,1,1,29,69.1,188.35,01.01,0.51,0.34,2026-06-05 13:15:17.837999
438,1,1,29,69,191.43,01.01,0.51,0.34,2026-06-05 13:15:23.111226
439,1,1,29.1,69,195.16,01.01,0.51,0.34,2026-06-05 13:15:28.385971
440,1,1,29.1,68.9,187.25,01.01,0.52,0.34,2026-06-05 13:15:33.660494
441,1,1,29.1,68.8,190.55,01.01,0.52,0.34,2026-06-05 13:15:38.933922
442,1,1,29.1,68.8,183.96,01.01,0.52,0.34,2026-06-05 13:15:42.646989
443,1,1,29.1,68.7,180.88,01.01,0.52,0.34,2026-06-05 13:15:47.93227
444,1,1,29.1,68.7,181.32,01.01,0.52,0.34,2026-06-05 13:15:53.203803
445,1,1,29.1,68.6,186.59,01.02,0.52,0.34,2026-06-05 13:15:58.484304
446,1,1,29.1,68.6,187.03,01.02,0.52,0.34,2026-06-05 13:16:03.754562
447,1,1,29.1,68.6,187.91,01.02,0.53,0.34,2026-06-05 13:16:09.03056
448,1,1,29.1,68.6,180.88,01.02,0.53,0.34,2026-06-05 13:16:12.749051
449,1,1,29.1,68.7,185.71,01.02,0.53,0.34,2026-06-05 13:16:18.019613
450,1,1,29.1,68.7,186.15,01.02,0.53,0.34,2026-06-05 13:16:23.290707
451,1,1,29.2,68.7,187.25,01.02,0.53,0.34,2026-06-05 13:16:28.565841
452,1,1,29.1,68.7,180.88,01.02,0.53,0.34,2026-06-05 13:16:33.866155
453,1,1,29.1,68.7,181.54,01.02,0.54,0.34,2026-06-05 13:16:39.117706
454,1,1,29.1,68.7,183.08,01.03,0.54,0.34,2026-06-05 13:16:42.81798
455,1,1,29.2,68.8,180.22,01.03,0.54,0.34,2026-06-05 13:16:48.09544
456,1,1,29.1,68.8,187.91,01.03,0.54,0.34,2026-06-05 13:16:53.370021
457,1,1,29.1,68.7,179.78,01.03,0.54,0.34,2026-06-05 13:16:58.65411
458,1,1,29.2,68.6,178.68,01.03,0.54,0.34,2026-06-05 13:17:03.931529
459,1,1,29.1,68.6,178.02,01.03,0.54,0.34,2026-06-05 13:17:08.478562
460,1,1,29.1,68.5,178.9,01.03,0.55,0.34,2026-06-05 13:17:12.900985
461,1,1,29.1,68.5,178.46,01.03,0.55,0.34,2026-06-05 13:17:18.174366
462,1,1,29.1,68.5,178.9,01.04,0.55,0.34,2026-06-05 13:17:23.456906
463,1,1,29.1,68.6,176.04,01.04,0.55,0.34,2026-06-05 13:17:28.725512
464,1,1,29.2,68.5,172.53,01.04,0.55,0.34,2026-06-05 13:17:34.010085
465,1,1,29.1,68.6,178.02,01.04,0.55,0.34,2026-06-05 13:17:37.719542
466,1,1,29.1,68.6,179.12,01.04,0.55,0.34,2026-06-05 13:17:42.996288
467,1,1,29.1,68.6,175.16,01.04,0.56,0.34,2026-06-05 13:17:48.285235
468,1,1,29.1,68.6,181.32,01.04,0.56,0.34,2026-06-05 13:17:53.546552
469,1,1,29.1,68.6,175.38,01.04,0.56,0.34,2026-06-05 13:17:58.810615
470,1,1,29.1,68.6,177.36,01.04,0.56,0.34,2026-06-05 13:18:04.098733
471,1,1,29.1,68.6,176.04,01.05,0.56,0.34,2026-06-05 13:18:07.789645
472,1,1,29.1,68.7,172.75,01.05,0.56,0.34,2026-06-05 13:18:13.0657
473,1,1,29.1,68.7,171.43,01.05,0.56,0.34,2026-06-05 13:18:18.335558
474,1,1,29.1,68.6,170.99,01.05,0.57,0.34,2026-06-05 13:18:23.60191
475,1,1,29.1,68.7,173.85,01.05,0.57,0.34,2026-06-05 13:18:28.881939
476,1,1,29.1,68.8,180.88,01.05,0.57,0.34,2026-06-05 13:18:34.148512
477,1,1,29.1,68.8,173.85,01.05,0.57,0.34,2026-06-05 13:18:37.879716
478,1,1,29.1,68.9,172.09,01.05,0.57,0.34,2026-06-05 13:18:43.151939
479,1,1,29.1,68.8,174.29,01.06,0.57,0.34,2026-06-05 13:18:48.419058